staff,647bfaabe07292995168f903,cchuang,,admin,
staff,647bfaabe07292995168f905,sunlandwu,,developer,virtual account
staff,647bfaabe07292995168f906,Leelandchao,,api,virtual account
staff,647bfaabe07292995168f907,landchuangwu,,management,virtual account
stakeholder,647bfaf1e07292995168f90f,shihyuhan,,applicant,virtual account
stakeholder,647bfaf1e07292995168f910,shihanyou,,applicant,virtual account
stakeholder,647bfaf1e07292995168f911,benrenyu,,applicant,virtual account
stakeholder,647ee4cc0930cffd450648fc,cchuang2,,collecter,virtual account
stakeholder,647ee4cc0930cffd450648fd,Darmin,,collecter,virtual account
stakeholder,647ee4cc0930cffd450648fe,hsan2001,,collecter,virtual account
stakeholder,647ee4cc0930cffd450648ff,hsuwuhan,,processer,virtual account
stakeholder,647ee4cc0930cffd45064900,jominchen,,processer,virtual account
stakeholder,647ee4cc0930cffd45064901,jiweihsu,,processer,virtual account
stakeholder,647ee4cc0930cffd45064902,hsuwanlai,,methodor,virtual account
stakeholder,647ee4cc0930cffd45064903,jisheju,,methodor,virtual account
stakeholder,647ee4cc0930cffd45064904,yolaiwu,,methodor,virtual account
stakeholder,647ee4cc0930cffd45064905,melody,,invesgator,virtual account
stakeholder,647ee4cc0930cffd45064906,mary1990,,invesgator,virtual account
stakeholder,647ee4cc0930cffd45064907,john0401,,invesgator,virtual account
stakeholder,647ee4cc0930cffd45064908,nooneguest,,tester,virtual account
stakeholder,647ee4cc0930cffd45064909,notwoguest,,tester,virtual account
staff,647bfaabe07292995168f904,cchuang1,,management,
